Workbook

Sheet Coins
A1: Series order | B1: Series | C1: Date | D1: Date anchored? | E1: Catalog ref | F1: Type | G1: Face value (units) | H1: Mean weight (g) | I1: Specimens (n) | J1: Outliers excluded | K1: SD (g) | L1: GK mode (g) | M1: Weight source (AJN 2021) | N1: Weight basis | O1: Grams per unit | P1: Web page weight (g) | Q1: Paper minus web page (g) | R1: Speculative assignment?
A2: 1 | B2: Standard 3, unmarked | C2: Late 3rd to early 2nd c. BC | D2: No | E2: Sv1423 Horn A | F2: Zeus Ammon, large horn at forehead / two eagles | G2: 100 | H2: 40.7 | I2: 21 | J2: 1 | K2: 2.16 | L2: 41.7 | M2: Table 2 | N2: =IF(I2>=30,"Type mean, n of 30 or more",IF(I2>=10,"Type mean, n of 10 to 29","Type mean, fewer than 10 specimens")) -> Type mean, n of 10 to 29 | O2: =H2/G2 -> 0.407 | P2: 40.7 | Q2: =IF(P2="","",H2-P2) -> 0 | R2: https://www.academia.edu/83883614/A_Metrological_Survey_of_Ptolemaic_Bronze_Coins_II_Alexandria_First_and_Second_Centuries_BC
A3: 1 | B3: Standard 3, unmarked | C3: Late 3rd to early 2nd c. BC | D3: No | E3: Sv1423 Horn B | F3: Zeus Ammon, large horn at top of head / two eagles | G3: 100 | H3: 39 | I3: 54 | J3: 0 | K3: 4.26 | L3: 38.5 | M3: Table 2 | N3: =IF(I3>=30,"Type mean, n of 30 or more",IF(I3>=10,"Type mean, n of 10 to 29","Type mean, fewer than 10 specimens")) -> Type mean, n of 30 or more | O3: =H3/G3 -> 0.39 | P3: 39 | Q3: =IF(P3="","",H3-P3) -> 0 | R3: https://www.academia.edu/83883614/A_Metrological_Survey_of_Ptolemaic_Bronze_Coins_II_Alexandria_First_and_Second_Centuries_BC
A4: 1 | B4: Standard 3, unmarked | C4: Late 3rd to early 2nd c. BC | D4: No | E4: Sv1423 Horn C | F4: Zeus Ammon, normal horn / two eagles | G4: 100 | H4: 38.5 | I4: 22 | J4: 0 | K4: 2.82 | L4: 37.1 | M4: Table 2 | N4: =IF(I4>=30,"Type mean, n of 30 or more",IF(I4>=10,"Type mean, n of 10 to 29","Type mean, fewer than 10 specimens")) -> Type mean, n of 10 to 29 | O4: =H4/G4 -> 0.385 | P4: 38.5 | Q4: =IF(P4="","",H4-P4) -> 0 | R4: https://www.academia.edu/83883614/A_Metrological_Survey_of_Ptolemaic_Bronze_Coins_II_Alexandria_First_and_Second_Centuries_BC
A5: 1 | B5: Standard 3, unmarked | C5: Late 3rd to early 2nd c. BC | D5: No | E5: Sv1491 | F5: Large Isis, style 1 (small head, graduated curls) | G5: 75 | H5: 30.1 | I5: 33 | J5: 0 | K5: 3.81 | L5: 31.5 | M5: Table 3 | N5: =IF(I5>=30,"Type mean, n of 30 or more",IF(I5>=10,"Type mean, n of 10 to 29","Type mean, fewer than 10 specimens")) -> Type mean, n of 30 or more | O5: =H5/G5 -> 0.40133333 | P5: 28.7 | Q5: =IF(P5="","",H5-P5) -> 1.4 | R5: https://www.academia.edu/83883614/A_Metrological_Survey_of_Ptolemaic_Bronze_Coins_II_Alexandria_First_and_Second_Centuries_BC
A6: 1 | B6: Standard 3, unmarked | C6: Late 3rd to early 2nd c. BC | D6: No | E6: Sv1233 | F6: Large Isis, style 2 (large head, equal curls) | G6: 75 | H6: 28.7 | I6: 35 | J6: 2 | K6: 2.57 | L6: 28.2 | M6: Table 3 | N6: =IF(I6>=30,"Type mean, n of 30 or more",IF(I6>=10,"Type mean, n of 10 to 29","Type mean, fewer than 10 specimens")) -> Type mean, n of 30 or more | O6: =H6/G6 -> 0.38266667 | P6: 30 | Q6: =IF(P6="","",H6-P6) -> -1.3 | R6: https://www.academia.edu/83883614/A_Metrological_Survey_of_Ptolemaic_Bronze_Coins_II_Alexandria_First_and_Second_Centuries_BC
A7: 1 | B7: Standard 3, unmarked | C7: Late 3rd to early 2nd c. BC | D7: No | E7: Sv1492 | F7: Heracles in lion skin, large | G7: 50 | H7: 18.9 | I7: 38 | J7: 0 | K7: 2.71 | L7: 17.6 | M7: Table 4 | N7: =IF(I7>=30,"Type mean, n of 30 or more",IF(I7>=10,"Type mean, n of 10 to 29","Type mean, fewer than 10 specimens")) -> Type mean, n of 30 or more | O7: =H7/G7 -> 0.378 | P7: 19.8 | Q7: =IF(P7="","",H7-P7) -> -0.9 | R7: https://www.academia.edu/83883614/A_Metrological_Survey_of_Ptolemaic_Bronze_Coins_II_Alexandria_First_and_Second_Centuries_BC
A8: 1 | B8: Standard 3, unmarked | C8: Late 3rd to early 2nd c. BC | D8: No | E8: Sv1493 | F8: Alexander in elephant skin, large | G8: 40 | H8: 15.1 | I8: 80 | J8: 0 | K8: 2.1 | L8: 14.9 | M8: Table 4 | N8: =IF(I8>=30,"Type mean, n of 30 or more",IF(I8>=10,"Type mean, n of 10 to 29","Type mean, fewer than 10 specimens")) -> Type mean, n of 30 or more | O8: =H8/G8 -> 0.3775 | P8: 15.2 | Q8: =IF(P8="","",H8-P8) -> -0.1 | R8: https://www.academia.edu/83883614/A_Metrological_Survey_of_Ptolemaic_Bronze_Coins_II_Alexandria_First_and_Second_Centuries_BC
A9: 1 | B9: Standard 3, unmarked | C9: Late 3rd to early 2nd c. BC | D9: No | E9: Sv1154 | F9: Isis (Demeter/Isis), closed-wing eagle | G9: 20 | H9: 7.31 | I9: 66 | J9: 2 | K9: 1.08 | L9: 7.58 | M9: Table 3 | N9: =IF(I9>=30,"Type mean, n of 30 or more",IF(I9>=10,"Type mean, n of 10 to 29","Type mean, fewer than 10 specimens")) -> Type mean, n of 30 or more | O9: =H9/G9 -> 0.3655 | P9: 7.57 | Q9: =IF(P9="","",H9-P9) -> -0.26 | R9: https://www.academia.edu/83883614/A_Metrological_Survey_of_Ptolemaic_Bronze_Coins_II_Alexandria_First_and_Second_Centuries_BC
A10: 1 | B10: Standard 3, unmarked | C10: Late 3rd to early 2nd c. BC | D10: No | E10: Sv1496 | F10: Heracles, small | G10: 10 | H10: 3.72 | I10: 2 | M10: Table 4 | N10: =IF(I10>=30,"Type mean, n of 30 or more",IF(I10>=10,"Type mean, n of 10 to 29","Type mean, fewer than 10 specimens")) -> Type mean, fewer than 10 specimens | O10: =H10/G10 -> 0.372 | P10: 3.9 | Q10: =IF(P10="","",H10-P10) -> -0.18 | R10: https://www.academia.edu/83883614/A_Metrological_Survey_of_Ptolemaic_Bronze_Coins_II_Alexandria_First_and_Second_Centuries_BC
A11: 1 | B11: Standard 3, unmarked | C11: Late 3rd to early 2nd c. BC | D11: No | E11: Sv1155 | F11: Helmeted warrior | G11: 10 | H11: 3.91 | I11: 28 | J11: 1 | K11: 0.63 | L11: 4.21 | M11: Table 4 | N11: =IF(I11>=30,"Type mean, n of 30 or more",IF(I11>=10,"Type mean, n of 10 to 29","Type mean, fewer than 10 specimens")) -> Type mean, n of 10 to 29 | O11: =H11/G11 -> 0.391 | P11: 3.9 | Q11: =IF(P11="","",H11-P11) -> 0.01 | R11: https://www.academia.edu/83883614/A_Metrological_Survey_of_Ptolemaic_Bronze_Coins_II_Alexandria_First_and_Second_Centuries_BC
A12: 2 | B12: Standard 4, unmarked | C12: 2nd c. BC | D12: No | E12: Sv1424B | F12: Zeus Ammon / two eagles, cornucopia | G12: 100 | H12: 22.5 | I12: 907 | J12: 93 | K12: 1.9 | L12: 22.6 | M12: Table 2 | N12: =IF(I12>=30,"Type mean, n of 30 or more",IF(I12>=10,"Type mean, n of 10 to 29","Type mean, fewer than 10 specimens")) -> Type mean, n of 30 or more | O12: =H12/G12 -> 0.225 | P12: 21.9 | Q12: =IF(P12="","",H12-P12) -> 0.6 | R12: https://www.academia.edu/83883614/A_Metrological_Survey_of_Ptolemaic_Bronze_Coins_II_Alexandria_First_and_Second_Centuries_BC
A13: 2 | B13: Standard 4, unmarked | C13: 2nd c. BC | D13: No | E13: Sv1234 | F13: Isis (Demeter/Isis), medium 1 | G13: 80 | H13: 18 | I13: 193 | J13: 3 | K13: 1.95 | L13: 18.9 | M13: Table 3 | N13: =IF(I13>=30,"Type mean, n of 30 or more",IF(I13>=10,"Type mean, n of 10 to 29","Type mean, fewer than 10 specimens")) -> Type mean, n of 30 or more | O13: =H13/G13 -> 0.225 | P13: 17.1 | Q13: =IF(P13="","",H13-P13) -> 0.9 | R13: https://www.academia.edu/83883614/A_Metrological_Survey_of_Ptolemaic_Bronze_Coins_II_Alexandria_First_and_Second_Centuries_BC
A14: 2 | B14: Standard 4, unmarked | C14: 2nd c. BC | D14: No | E14: Sv1494 | F14: Heracles, medium | G14: 50 | H14: 11.4 | I14: 79 | J14: 0 | K14: 1.7 | L14: 10.7 | M14: Table 4 | N14: =IF(I14>=30,"Type mean, n of 30 or more",IF(I14>=10,"Type mean, n of 10 to 29","Type mean, fewer than 10 specimens")) -> Type mean, n of 30 or more | O14: =H14/G14 -> 0.228 | P14: 11.7 | Q14: =IF(P14="","",H14-P14) -> -0.3 | R14: https://www.academia.edu/83883614/A_Metrological_Survey_of_Ptolemaic_Bronze_Coins_II_Alexandria_First_and_Second_Centuries_BC
A15: 2 | B15: Standard 4, unmarked | C15: 2nd c. BC | D15: No | E15: Sv1236 (= Sv1495) | F15: Alexander, medium | G15: 40 | H15: 8.7 | I15: 100 | J15: 3 | K15: 0.92 | L15: 8.67 | M15: Table 4 | N15: =IF(I15>=30,"Type mean, n of 30 or more",IF(I15>=10,"Type mean, n of 10 to 29","Type mean, fewer than 10 specimens")) -> Type mean, n of 30 or more | O15: =H15/G15 -> 0.2175 | P15: 8 | Q15: =IF(P15="","",H15-P15) -> 0.7 | R15: https://www.academia.edu/83883614/A_Metrological_Survey_of_Ptolemaic_Bronze_Coins_II_Alexandria_First_and_Second_Centuries_BC
A16: 2 | B16: Standard 4, unmarked | C16: 2nd c. BC | D16: No | E16: Sv1238 | F16: Isis (Demeter/Isis), closed-wing eagle | G16: 20 | H16: 4.25 | I16: 84 | J16: 0 | K16: 0.43 | L16: 4.41 | M16: Table 3 | N16: =IF(I16>=30,"Type mean, n of 30 or more",IF(I16>=10,"Type mean, n of 10 to 29","Type mean, fewer than 10 specimens")) -> Type mean, n of 30 or more | O16: =H16/G16 -> 0.2125 | P16: 4.3 | Q16: =IF(P16="","",H16-P16) -> -0.05 | R16: https://www.academia.edu/83883614/A_Metrological_Survey_of_Ptolemaic_Bronze_Coins_II_Alexandria_First_and_Second_Centuries_BC
A17: 3 | B17: Standard 4, Class 1 (K mark) | C17: 2nd c. BC | D17: No | E17: Sv1375 (monogram variant) | F17: Zeus Ammon | G17: 100 | H17: 20.7 | I17: 12 | J17: 1 | K17: 2.06 | L17: 21.5 | M17: Table 1 | N17: =IF(I17>=30,"Type mean, n of 30 or more",IF(I17>=10,"Type mean, n of 10 to 29","Type mean, fewer than 10 specimens")) -> Type mean, n of 10 to 29 | O17: =H17/G17 -> 0.207 | P17: 20 | Q17: =IF(P17="","",H17-P17) -> 0.7 | R17: https://www.academia.edu/83883614/A_Metrological_Survey_of_Ptolemaic_Bronze_Coins_II_Alexandria_First_and_Second_Centuries_BC
A18: 3 | B18: Standard 4, Class 1 (K mark) | C18: 2nd c. BC | D18: No | E18: Sv1375 K | F18: Zeus Ammon | G18: 100 | H18: 21.6 | I18: 35 | J18: 1 | K18: 2.19 | L18: 22.1 | M18: Table 1 | N18: =IF(I18>=30,"Type mean, n of 30 or more",IF(I18>=10,"Type mean, n of 10 to 29","Type mean, fewer than 10 specimens")) -> Type mean, n of 30 or more | O18: =H18/G18 -> 0.216 | P18: 21.5 | Q18: =IF(P18="","",H18-P18) -> 0.1 | R18: https://www.academia.edu/83883614/A_Metrological_Survey_of_Ptolemaic_Bronze_Coins_II_Alexandria_First_and_Second_Centuries_BC
A19: 3 | B19: Standard 4, Class 1 (K mark) | C19: 2nd c. BC | D19: No | E19: Sv1376 | F19: Heracles | G19: 50 | H19: 10.7 | I19: 78 | J19: 1 | K19: 1.18 | L19: 10.2 | M19: Table 1 | N19: =IF(I19>=30,"Type mean, n of 30 or more",IF(I19>=10,"Type mean, n of 10 to 29","Type mean, fewer than 10 specimens")) -> Type mean, n of 30 or more | O19: =H19/G19 -> 0.214 | P19: 10.6 | Q19: =IF(P19="","",H19-P19) -> 0.1 | R19: https://www.academia.edu/83883614/A_Metrological_Survey_of_Ptolemaic_Bronze_Coins_II_Alexandria_First_and_Second_Centuries_BC
A20: 3 | B20: Standard 4, Class 1 (K mark) | C20: 2nd c. BC | D20: No | E20: Sv1377 | F20: Zeus Ammon | G20: 30 | H20: 7.13 | I20: 12 | J20: 0 | K20: 0.49 | L20: 6.93 | M20: Table 1 | N20: =IF(I20>=30,"Type mean, n of 30 or more",IF(I20>=10,"Type mean, n of 10 to 29","Type mean, fewer than 10 specimens")) -> Type mean, n of 10 to 29 | O20: =H20/G20 -> 0.23766667 | P20: 7.1 | Q20: =IF(P20="","",H20-P20) -> 0.03 | R20: https://www.academia.edu/83883614/A_Metrological_Survey_of_Ptolemaic_Bronze_Coins_II_Alexandria_First_and_Second_Centuries_BC
A21: 3 | B21: Standard 4, Class 1 (K mark) | C21: 2nd c. BC | D21: No | E21: Sv1378 | F21: Nilus | G21: 20 | H21: 4.92 | I21: 13 | J21: 1 | K21: 0.87 | L21: 5.27 | M21: Table 1 | N21: =IF(I21>=30,"Type mean, n of 30 or more",IF(I21>=10,"Type mean, n of 10 to 29","Type mean, fewer than 10 specimens")) -> Type mean, n of 10 to 29 | O21: =H21/G21 -> 0.246 | P21: 4.8 | Q21: =IF(P21="","",H21-P21) -> 0.12 | R21: https://www.academia.edu/83883614/A_Metrological_Survey_of_Ptolemaic_Bronze_Coins_II_Alexandria_First_and_Second_Centuries_BC
A22: 3 | B22: Standard 4, Class 1 (K mark) | C22: 2nd c. BC | D22: No | E22: Sv1379 | F22: Helmeted warrior | G22: 15 | H22: 2.97 | I22: 11 | J22: 0 | K22: 0.54 | L22: 2.98 | M22: Table 1 | N22: =IF(I22>=30,"Type mean, n of 30 or more",IF(I22>=10,"Type mean, n of 10 to 29","Type mean, fewer than 10 specimens")) -> Type mean, n of 10 to 29 | O22: =H22/G22 -> 0.198 | P22: 2.9 | Q22: =IF(P22="","",H22-P22) -> 0.07 | R22: https://www.academia.edu/83883614/A_Metrological_Survey_of_Ptolemaic_Bronze_Coins_II_Alexandria_First_and_Second_Centuries_BC
... A32: 6 | B32: Standard 5, Class 3 | C32: Around 168-163 BC, before and after | D32: No | E32: Sv1386 | F32: Alexander | G32: 40 | H32: 7.44 | I32: 18 | J32: 0 | K32: 0.89 | L32: 7.04 | M32: Table 1 | N32: =IF(I32>=30,"Type mean, n of 30 or more",IF(I32>=10,"Type mean, n of 10 to 29","Type mean, fewer than 10 specimens")) -> Type mean, n of 10 to 29 | O32: =H32/G32 -> 0.186 | P32: 7.5 | Q32: =IF(P32="","",H32-P32) -> -0.06 | R32: https://www.academia.edu/83883614/A_Metrological_Survey_of_Ptolemaic_Bronze_Coins_II_Alexandria_First_and_Second_Centuries_BC
A33: 7 | B33: Class 4, dated (Ptolemy IX and Cleopatra III) | C33: c. 115-112 BC (paper); 114-113 BC (web page) | D33: Yes | E33: Sv1190 | F33: Zeus Ammon, year 3 | G33: 80 | H33: 16.5 | I33: 102 | J33: 6 | K33: 1.29 | L33: 16.4 | M33: Table 1 | N33: =IF(I33>=30,"Type mean, n of 30 or more",IF(I33>=10,"Type mean, n of 10 to 29","Type mean, fewer than 10 specimens")) -> Type mean, n of 30 or more | O33: =H33/G33 -> 0.20625 | Q33: =IF(P33="","",H33-P33) | R33: https://www.academia.edu/83883614/A_Metrological_Survey_of_Ptolemaic_Bronze_Coins_II_Alexandria_First_and_Second_Centuries_BC
A34: 7 | B34: Class 4, dated (Ptolemy IX and Cleopatra III) | C34: c. 115-112 BC (paper); 114-113 BC (web page) | D34: Yes | E34: Sv1193 | F34: Zeus Ammon, year 4 | G34: 80 | H34: 16.5 | I34: 37 | J34: 0 | K34: 1.49 | L34: 15.7 | M34: Table 1 | N34: =IF(I34>=30,"Type mean, n of 30 or more",IF(I34>=10,"Type mean, n of 10 to 29","Type mean, fewer than 10 specimens")) -> Type mean, n of 30 or more | O34: =H34/G34 -> 0.20625 | Q34: =IF(P34="","",H34-P34) | R34: https://www.academia.edu/83883614/A_Metrological_Survey_of_Ptolemaic_Bronze_Coins_II_Alexandria_First_and_Second_Centuries_BC
A35: 7 | B35: Class 4, dated (Ptolemy IX and Cleopatra III) | C35: c. 115-112 BC (paper); 114-113 BC (web page) | D35: Yes | E35: Sv1191 | F35: Heracles, year 3 | G35: 40 | H35: 8.18 | I35: 154 | J35: 2 | K35: 0.95 | L35: 8.07 | M35: Table 1 | N35: =IF(I35>=30,"Type mean, n of 30 or more",IF(I35>=10,"Type mean, n of 10 to 29","Type mean, fewer than 10 specimens")) -> Type mean, n of 30 or more | O35: =H35/G35 -> 0.2045 | P35: 9.2 | Q35: =IF(P35="","",H35-P35) -> -1.02 | R35: https://www.academia.edu/83883614/A_Metrological_Survey_of_Ptolemaic_Bronze_Coins_II_Alexandria_First_and_Second_Centuries_BC
A36: 7 | B36: Class 4, dated (Ptolemy IX and Cleopatra III) | C36: c. 115-112 BC (paper); 114-113 BC (web page) | D36: Yes | E36: Sv1194 | F36: Athena, year 4 | G36: 25 | H36: 5.51 | I36: 9 | K36: 0.98 | L36: 5.32 | M36: Table 1 | N36: =IF(I36>=30,"Type mean, n of 30 or more",IF(I36>=10,"Type mean, n of 10 to 29","Type mean, fewer than 10 specimens")) -> Type mean, fewer than 10 specimens | O36: =H36/G36 -> 0.2204 | P36: 5.51 | Q36: =IF(P36="","",H36-P36) -> 0 | R36: https://www.academia.edu/83883614/A_Metrological_Survey_of_Ptolemaic_Bronze_Coins_II_Alexandria_First_and_Second_Centuries_BC
A37: 8 | B37: Class 5 | C37: After Class 4, undated | D37: No | E37: Sv1732 | F37: Zeus Ammon / eagle, K-Lambda | G37: 5 | H37: 1.13 | I37: 17 | J37: 0 | K37: 0.22 | L37: 1.16 | M37: Table 1 | N37: =IF(I37>=30,"Type mean, n of 30 or more",IF(I37>=10,"Type mean, n of 10 to 29","Type mean, fewer than 10 specimens")) -> Type mean, n of 10 to 29 | O37: =H37/G37 -> 0.226 | P37: 1.1 | Q37: =IF(P37="","",H37-P37) -> 0.03 | R37: https://www.academia.edu/83883614/A_Metrological_Survey_of_Ptolemaic_Bronze_Coins_II_Alexandria_First_and_Second_Centuries_BC
A38: 8 | B38: Class 5 | C38: After Class 4, undated | D38: No | E38: Sv1733 | F38: Zeus Ammon / eagle, B-A | G38: 5 | H38: 1.25 | I38: 35 | J38: 0 | K38: 0.16 | L38: 1.21 | M38: Table 1 | N38: =IF(I38>=30,"Type mean, n of 30 or more",IF(I38>=10,"Type mean, n of 10 to 29","Type mean, fewer than 10 specimens")) -> Type mean, n of 30 or more | O38: =H38/G38 -> 0.25 | P38: 1.1 | Q38: =IF(P38="","",H38-P38) -> 0.15 | R38: https://www.academia.edu/83883614/A_Metrological_Survey_of_Ptolemaic_Bronze_Coins_II_Alexandria_First_and_Second_Centuries_BC
A39: 9 | B39: Class 6 (Cleopatra VII) | C39: c. 50-30 BC | D39: Yes | E39: Sv1871 | F39: Cleopatra VII portrait, Pi mark (80) | G39: 80 | H39: 17.2 | I39: 131 | J39: 2 | K39: 1.83 | L39: 16.6 | M39: Table 1 | N39: =IF(I39>=30,"Type mean, n of 30 or more",IF(I39>=10,"Type mean, n of 10 to 29","Type mean, fewer than 10 specimens")) -> Type mean, n of 30 or more | O39: =H39/G39 -> 0.215 | P39: 17.2 | Q39: =IF(P39="","",H39-P39) -> 0 | R39: https://www.academia.edu/83883614/A_Metrological_Survey_of_Ptolemaic_Bronze_Coins_II_Alexandria_First_and_Second_Centuries_BC
A40: 9 | B40: Class 6 (Cleopatra VII) | C40: c. 50-30 BC | D40: Yes | E40: Sv1872 | F40: Cleopatra VII portrait, M mark (40) | G40: 40 | H40: 8.85 | I40: 89 | J40: 4 | K40: 1.03 | L40: 8.57 | M40: Table 1 | N40: =IF(I40>=30,"Type mean, n of 30 or more",IF(I40>=10,"Type mean, n of 10 to 29","Type mean, fewer than 10 specimens")) -> Type mean, n of 30 or more | O40: =H40/G40 -> 0.22125 | P40: 8.6 | Q40: =IF(P40="","",H40-P40) -> 0.25 | R40: https://www.academia.edu/83883614/A_Metrological_Survey_of_Ptolemaic_Bronze_Coins_II_Alexandria_First_and_Second_Centuries_BC

Sheet Series Summary
A1: Series order | B1: Series | C1: Date | D1: Coin types | E1: Specimens behind the means | F1: Avg grams per unit | G1: Largest face value (units) | H1: Heaviest type mean (g) | I1: Change in g per unit vs Standard 3
A2: 1 | B2: Standard 3, unmarked | C2: Late 3rd to early 2nd c. BC | D2: =COUNTIF(Coins!$B$2:$B$40,B2) -> 10 | E2: =SUMIF(Coins!$B$2:$B$40,B2,Coins!$I$2:$I$40) -> 379 | F2: =AVERAGEIF(Coins!$B$2:$B$40,B2,Coins!$O$2:$O$40) -> 0.385 | G2: =SUMPRODUCT(MAX((Coins!$B$2:$B$40=B2)*Coins!$G$2:$G$40)) -> 100 | H2: =SUMPRODUCT(MAX((Coins!$B$2:$B$40=B2)*Coins!$H$2:$H$40)) -> 40.7 | I2: =F2/$F$2-1 -> 0
A3: 2 | B3: Standard 4, unmarked | C3: 2nd c. BC | D3: =COUNTIF(Coins!$B$2:$B$40,B3) -> 5 | E3: =SUMIF(Coins!$B$2:$B$40,B3,Coins!$I$2:$I$40) -> 1363 | F3: =AVERAGEIF(Coins!$B$2:$B$40,B3,Coins!$O$2:$O$40) -> 0.2216 | G3: =SUMPRODUCT(MAX((Coins!$B$2:$B$40=B3)*Coins!$G$2:$G$40)) -> 100 | H3: =SUMPRODUCT(MAX((Coins!$B$2:$B$40=B3)*Coins!$H$2:$H$40)) -> 22.5 | I3: =F3/$F$2-1 -> -0.42441558
A4: 3 | B4: Standard 4, Class 1 (K mark) | C4: 2nd c. BC | D4: =COUNTIF(Coins!$B$2:$B$40,B4) -> 6 | E4: =SUMIF(Coins!$B$2:$B$40,B4,Coins!$I$2:$I$40) -> 161 | F4: =AVERAGEIF(Coins!$B$2:$B$40,B4,Coins!$O$2:$O$40) -> 0.21977778 | G4: =SUMPRODUCT(MAX((Coins!$B$2:$B$40=B4)*Coins!$G$2:$G$40)) -> 100 | H4: =SUMPRODUCT(MAX((Coins!$B$2:$B$40=B4)*Coins!$H$2:$H$40)) -> 21.6 | I4: =F4/$F$2-1 -> -0.42914863
A5: 4 | B5: Standard 5, unmarked | C5: 2nd c. BC | D5: =COUNTIF(Coins!$B$2:$B$40,B5) -> 3 | E5: =SUMIF(Coins!$B$2:$B$40,B5,Coins!$I$2:$I$40) -> 1738 | F5: =AVERAGEIF(Coins!$B$2:$B$40,B5,Coins!$O$2:$O$40) -> 0.19233333 | G5: =SUMPRODUCT(MAX((Coins!$B$2:$B$40=B5)*Coins!$G$2:$G$40)) -> 120 | H5: =SUMPRODUCT(MAX((Coins!$B$2:$B$40=B5)*Coins!$H$2:$H$40)) -> 22.5 | I5: =F5/$F$2-1 -> -0.5004329
A6: 5 | B6: Standard 5, Class 2 (Kleopatra inscription) | C6: c. 168-163 BC | D6: =COUNTIF(Coins!$B$2:$B$40,B6) -> 3 | E6: =SUMIF(Coins!$B$2:$B$40,B6,Coins!$I$2:$I$40) -> 153 | F6: =AVERAGEIF(Coins!$B$2:$B$40,B6,Coins!$O$2:$O$40) -> 0.18716667 | G6: =SUMPRODUCT(MAX((Coins!$B$2:$B$40=B6)*Coins!$G$2:$G$40)) -> 120 | H6: =SUMPRODUCT(MAX((Coins!$B$2:$B$40=B6)*Coins!$H$2:$H$40)) -> 23.4 | I6: =F6/$F$2-1 -> -0.51385281
A7: 6 | B7: Standard 5, Class 3 | C7: Around 168-163 BC, before and after | D7: =COUNTIF(Coins!$B$2:$B$40,B7) -> 4 | E7: =SUMIF(Coins!$B$2:$B$40,B7,Coins!$I$2:$I$40) -> 661 | F7: =AVERAGEIF(Coins!$B$2:$B$40,B7,Coins!$O$2:$O$40) -> 0.18755833 | G7: =SUMPRODUCT(MAX((Coins!$B$2:$B$40=B7)*Coins!$G$2:$G$40)) -> 120 | H7: =SUMPRODUCT(MAX((Coins!$B$2:$B$40=B7)*Coins!$H$2:$H$40)) -> 22.6 | I7: =F7/$F$2-1 -> -0.5128355
A8: 7 | B8: Class 4, dated (Ptolemy IX and Cleopatra III) | C8: c. 115-112 BC (paper); 114-113 BC (web page) | D8: =COUNTIF(Coins!$B$2:$B$40,B8) -> 4 | E8: =SUMIF(Coins!$B$2:$B$40,B8,Coins!$I$2:$I$40) -> 302 | F8: =AVERAGEIF(Coins!$B$2:$B$40,B8,Coins!$O$2:$O$40) -> 0.20935 | G8: =SUMPRODUCT(MAX((Coins!$B$2:$B$40=B8)*Coins!$G$2:$G$40)) -> 80 | H8: =SUMPRODUCT(MAX((Coins!$B$2:$B$40=B8)*Coins!$H$2:$H$40)) -> 16.5 | I8: =F8/$F$2-1 -> -0.45623377
A9: 8 | B9: Class 5 | C9: After Class 4, undated | D9: =COUNTIF(Coins!$B$2:$B$40,B9) -> 2 | E9: =SUMIF(Coins!$B$2:$B$40,B9,Coins!$I$2:$I$40) -> 52 | F9: =AVERAGEIF(Coins!$B$2:$B$40,B9,Coins!$O$2:$O$40) -> 0.238 | G9: =SUMPRODUCT(MAX((Coins!$B$2:$B$40=B9)*Coins!$G$2:$G$40)) -> 5 | H9: =SUMPRODUCT(MAX((Coins!$B$2:$B$40=B9)*Coins!$H$2:$H$40)) -> 1.25 | I9: =F9/$F$2-1 -> -0.38181818
A10: 9 | B10: Class 6 (Cleopatra VII) | C10: c. 50-30 BC | D10: =COUNTIF(Coins!$B$2:$B$40,B10) -> 2 | E10: =SUMIF(Coins!$B$2:$B$40,B10,Coins!$I$2:$I$40) -> 220 | F10: =AVERAGEIF(Coins!$B$2:$B$40,B10,Coins!$O$2:$O$40) -> 0.218125 | G10: =SUMPRODUCT(MAX((Coins!$B$2:$B$40=B10)*Coins!$G$2:$G$40)) -> 80 | H10: =SUMPRODUCT(MAX((Coins!$B$2:$B$40=B10)*Coins!$H$2:$H$40)) -> 17.2 | I10: =F10/$F$2-1 -> -0.43344156
